client_id,signup_date,plan_type,monthly_revenue,industry,region
C0001,2024-10-16,Basic,58.63,Healthcare,South
C0002,2023-05-23,Pro,232.97,Manufacturing,North
C0003,2024-08-27,Pro,181.47,Healthcare,South
C0004,2024-06-01,Pro,223.78,Logistics,West
C0005,2023-08-14,Pro,201.24,Retail,South
C0006,2024-03-08,Basic,47.15,Finance,North
C0007,2023-04-05,Basic,51.14,Finance,East
C0008,2023-02-14,Pro,221.78,EdTech,North
C0009,2024-07-19,Basic,56.42,Finance,South
C0010,2023-03-13,Basic,48.57,Finance,North
C0011,2023-08-27,Enterprise,1051.0,EdTech,East
C0012,2023-06-16,Basic,48.21,Finance,North
C0013,2024-09-15,Pro,221.62,Healthcare,South
C0014,2024-04-18,Basic,63.49,Logistics,South
C0015,2023-11-29,Enterprise,1209.19,Healthcare,North
C0016,2023-11-20,Pro,184.37,Manufacturing,East
C0017,2023-08-06,Pro,210.59,Logistics,West
C0018,2023-05-27,Basic,48.93,Manufacturing,East
C0019,2024-08-21,Pro,225.55,Finance,South
C0020,2023-05-22,Pro,186.34,Retail,North
C0021,2023-06-06,Pro,242.15,EdTech,North
C0022,2024-01-30,Basic,63.62,Manufacturing,East
C0023,2024-07-20,Enterprise,903.69,Logistics,North
C0024,2024-11-29,Enterprise,1199.15,Logistics,East
C0025,2023-04-25,Basic,47.2,Retail,East
C0026,2024-05-27,Pro,219.51,Retail,East
C0027,2024-10-16,Pro,194.93,Finance,South
C0028,2024-07-06,Enterprise,1267.7,Retail,East
C0029,2024-05-15,Basic,62.31,Finance,South
C0030,2023-03-01,Basic,55.22,Retail,North
C0031,2024-05-12,Enterprise,1289.9,Manufacturing,South
C0032,2023-05-12,Pro,254.47,Healthcare,East
C0033,2024-06-24,Enterprise,1068.19,Healthcare,South
C0034,2023-11-16,Basic,57.27,Finance,West
C0035,2024-06-13,Pro,198.83,Retail,East
C0036,2023-01-22,Pro,197.42,Healthcare,North
C0037,2023-03-14,Pro,183.79,Retail,North
C0038,2023-12-05,Basic,48.76,Logistics,West
C0039,2023-08-08,Pro,236.68,Manufacturing,West
C0040,2023-09-06,Pro,243.38,Healthcare,North
C0041,2023-04-10,Pro,207.3,EdTech,West
C0042,2023-02-25,Pro,257.44,Retail,North
C0043,2024-02-17,Pro,242.83,Retail,South
C0044,2023-07-16,Basic,52.89,EdTech,South
C0045,2023-10-13,Pro,248.71,Retail,West
C0046,2024-07-17,Basic,56.88,Manufacturing,North
C0047,2023-04-06,Enterprise,1238.24,Healthcare,West
C0048,2024-05-12,Pro,247.93,Retail,South
C0049,2024-01-24,Basic,51.75,EdTech,East
C0050,2024-03-09,Pro,237.25,Manufacturing,West
C0051,2023-06-08,Basic,48.37,Retail,North
C0052,2023-11-18,Basic,55.55,Manufacturing,South
C0053,2023-02-28,Enterprise,931.11,Healthcare,North
C0054,2024-09-01,Basic,60.99,EdTech,North
C0055,2024-08-06,Basic,55.75,Manufacturing,North
C0056,2024-03-05,Pro,224.09,Finance,East
C0057,2023-07-29,Pro,204.11,Finance,West
C0058,2023-05-15,Pro,202.98,Finance,North
C0059,2023-01-10,Pro,258.58,Retail,North
C0060,2024-07-04,Basic,49.3,Finance,North
C0061,2023-09-08,Basic,47.19,Manufacturing,East
C0062,2024-09-18,Enterprise,1221.62,Manufacturing,North
C0063,2024-11-14,Enterprise,1018.73,Logistics,North
C0064,2023-05-18,Basic,61.54,Logistics,South
C0065,2023-10-06,Basic,48.23,Finance,South
C0066,2024-10-11,Enterprise,1101.06,Finance,North
C0067,2023-04-05,Pro,245.12,Retail,North
C0068,2023-12-08,Pro,229.81,Finance,South
C0069,2024-03-28,Pro,213.14,Retail,North
C0070,2023-03-19,Enterprise,1175.23,Healthcare,North
C0071,2024-01-14,Pro,190.89,Healthcare,North
C0072,2023-11-12,Basic,62.39,Retail,East
C0073,2023-08-04,Pro,232.19,Finance,West
C0074,2024-09-27,Pro,252.79,Healthcare,South
C0075,2023-07-01,Enterprise,909.0,Logistics,East
C0076,2024-02-26,Enterprise,1244.38,Healthcare,East
C0077,2023-06-13,Pro,187.7,Retail,West
C0078,2023-08-16,Basic,62.1,Finance,East
C0079,2023-08-22,Basic,57.04,EdTech,East
C0080,2023-10-13,Enterprise,1285.47,Finance,East
C0081,2024-10-18,Pro,233.19,Manufacturing,East
C0082,2023-01-29,Basic,63.12,Healthcare,East
C0083,2023-02-09,Basic,52.62,Logistics,East
C0084,2024-03-22,Pro,219.81,EdTech,South
C0085,2023-09-18,Basic,52.65,Manufacturing,South
C0086,2024-01-08,Pro,254.63,Finance,East
C0087,2024-11-10,Enterprise,1186.71,Finance,East
C0088,2024-11-13,Pro,211.13,Finance,South
C0089,2023-07-16,Pro,253.95,Logistics,South
C0090,2024-09-22,Pro,211.42,Retail,East
C0091,2023-10-21,Basic,59.5,Manufacturing,East
C0092,2024-04-21,Pro,232.88,Manufacturing,West
C0093,2023-06-23,Pro,201.69,Logistics,East
C0094,2023-04-06,Enterprise,1199.25,Logistics,East
C0095,2023-08-19,Enterprise,957.98,Retail,South
C0096,2024-05-01,Pro,240.27,EdTech,West
C0097,2024-10-06,Pro,236.28,EdTech,West
C0098,2024-02-14,Basic,56.96,Retail,North
C0099,2024-03-11,Basic,59.86,Logistics,West
C0100,2023-02-21,Pro,252.13,Retail,West
C0101,2023-05-17,Enterprise,1165.86,Manufacturing,East
C0102,2024-03-29,Pro,236.35,Manufacturing,West
C0103,2024-07-15,Pro,191.77,EdTech,West
C0104,2023-09-23,Pro,245.95,Finance,West
C0105,2024-10-03,Basic,52.72,Logistics,East
C0106,2023-08-29,Basic,50.37,Manufacturing,North
C0107,2023-05-22,Basic,51.61,Healthcare,South
C0108,2023-03-07,Pro,205.44,EdTech,West
C0109,2023-03-05,Basic,52.33,Manufacturing,North
C0110,2024-08-12,Basic,44.22,Finance,East
C0111,2024-02-04,Enterprise,1280.09,EdTech,South
C0112,2024-05-14,Basic,52.64,Retail,West
C0113,2023-12-11,Pro,242.63,Logistics,South
C0114,2024-04-23,Enterprise,1291.0,Manufacturing,North
C0115,2024-02-08,Pro,231.87,Retail,West
C0116,2023-05-19,Enterprise,971.72,Finance,West
C0117,2023-12-02,Basic,50.51,EdTech,East
C0118,2024-03-07,Basic,45.71,Retail,North
C0119,2023-12-25,Basic,45.44,Logistics,North
C0120,2023-02-01,Enterprise,978.76,Retail,South
C0121,2023-09-02,Basic,57.22,Manufacturing,South
C0122,2024-04-21,Pro,240.15,Healthcare,North
C0123,2023-06-17,Enterprise,942.3,Retail,East
C0124,2024-08-12,Pro,255.37,EdTech,South
C0125,2023-03-19,Pro,245.21,Healthcare,North
C0126,2023-11-05,Enterprise,1139.02,Retail,North
C0127,2023-12-22,Pro,231.76,Retail,East
C0128,2023-01-13,Enterprise,1227.7,Retail,West
C0129,2024-01-06,Pro,245.07,Logistics,South
C0130,2024-03-21,Basic,54.33,Logistics,East
C0131,2024-09-22,Enterprise,1114.15,EdTech,West
C0132,2024-03-22,Enterprise,1135.85,Finance,South
C0133,2023-03-30,Basic,52.94,EdTech,West
C0134,2023-12-11,Basic,60.78,Healthcare,West
C0135,2023-08-06,Basic,49.16,Finance,East
C0136,2024-07-23,Basic,62.68,Retail,South
C0137,2024-02-21,Pro,239.45,Logistics,West
C0138,2024-10-23,Pro,214.77,Retail,North
C0139,2023-10-29,Basic,57.66,Finance,East
C0140,2024-04-29,Pro,206.46,Logistics,East
C0141,2023-12-27,Pro,200.66,Finance,South
C0142,2023-05-04,Pro,204.22,Logistics,South
C0143,2023-07-16,Basic,53.59,Logistics,East
C0144,2023-04-13,Enterprise,1017.48,Finance,South
C0145,2023-11-06,Basic,54.57,Finance,North
C0146,2023-02-25,Pro,234.61,Healthcare,West
C0147,2023-04-16,Enterprise,1128.5,EdTech,West
C0148,2024-03-27,Basic,63.02,Finance,West
C0149,2023-04-27,Enterprise,1059.22,Retail,North
C0150,2023-06-05,Basic,55.13,Finance,North
C0151,2023-09-12,Basic,59.08,Manufacturing,South
C0152,2024-06-19,Basic,61.91,Finance,West
C0153,2023-11-09,Pro,183.89,Logistics,North
C0154,2023-08-01,Pro,200.17,Retail,South
C0155,2023-09-03,Basic,45.57,Retail,West
C0156,2024-04-06,Pro,216.51,Retail,South
C0157,2023-10-23,Pro,235.06,EdTech,North
C0158,2023-08-28,Enterprise,1213.92,Logistics,South
C0159,2024-03-11,Basic,48.51,Healthcare,East
C0160,2023-05-26,Basic,47.35,Finance,East
C0161,2024-03-25,Basic,57.6,Logistics,West
C0162,2023-10-06,Pro,218.41,Retail,North
C0163,2024-03-18,Pro,227.16,Retail,North
C0164,2023-08-23,Enterprise,1233.15,Manufacturing,North
C0165,2024-11-19,Enterprise,1129.37,Healthcare,West
C0166,2024-06-15,Pro,252.02,Healthcare,West
C0167,2024-10-12,Enterprise,1286.33,EdTech,East
C0168,2024-02-23,Basic,57.23,Healthcare,East
C0169,2024-02-26,Pro,202.04,EdTech,North
C0170,2024-04-10,Basic,49.05,Retail,West
C0171,2024-06-10,Enterprise,899.56,Manufacturing,West
C0172,2024-02-28,Basic,54.26,Manufacturing,West
C0173,2024-10-02,Pro,183.21,Finance,South
C0174,2023-10-22,Pro,234.68,Retail,North
C0175,2024-10-07,Pro,198.15,Healthcare,East
C0176,2024-07-18,Basic,52.1,Healthcare,North
C0177,2024-04-17,Enterprise,1157.92,Healthcare,West
C0178,2023-10-26,Pro,200.86,EdTech,West
C0179,2023-09-07,Pro,190.61,Healthcare,South
C0180,2023-03-13,Basic,59.58,EdTech,East
C0181,2024-06-03,Basic,44.15,Logistics,East
C0182,2024-08-24,Pro,231.63,Healthcare,West
C0183,2024-07-05,Pro,205.56,Manufacturing,West
C0184,2024-04-11,Enterprise,1246.59,Logistics,South
C0185,2024-08-08,Basic,60.88,EdTech,North
C0186,2023-11-22,Pro,235.24,EdTech,West
C0187,2024-11-10,Pro,231.0,Healthcare,West
C0188,2023-02-07,Basic,63.02,Finance,North
C0189,2024-03-26,Basic,61.94,Retail,South
C0190,2024-02-24,Enterprise,1286.69,Retail,West
C0191,2023-09-29,Basic,57.68,Logistics,North
C0192,2023-12-03,Enterprise,1242.49,EdTech,East
C0193,2024-10-03,Pro,239.55,Manufacturing,North
C0194,2024-09-24,Basic,56.47,Finance,South
C0195,2023-04-03,Pro,186.94,Logistics,North
C0196,2024-03-30,Basic,49.97,Retail,North
C0197,2023-11-29,Pro,202.45,Finance,West
C0198,2023-05-30,Basic,52.18,Logistics,South
C0199,2023-06-24,Basic,56.05,EdTech,South
C0200,2024-05-24,Enterprise,956.29,EdTech,East
C0201,2024-04-15,Basic,44.28,EdTech,East
C0202,2024-11-24,Pro,184.98,Finance,East
C0203,2024-10-16,Enterprise,1174.95,EdTech,East
C0204,2023-07-23,Enterprise,1240.09,Retail,South
C0205,2024-01-26,Pro,224.86,Logistics,East
C0206,2023-01-23,Enterprise,1162.13,Finance,North
C0207,2024-08-02,Enterprise,1210.11,Retail,West
C0208,2023-10-21,Pro,197.42,Finance,South
C0209,2024-10-13,Basic,49.01,Logistics,South
C0210,2024-10-05,Basic,56.4,Retail,East
C0211,2024-03-27,Basic,51.25,Healthcare,North
C0212,2023-10-30,Basic,52.24,Healthcare,South
C0213,2024-07-06,Enterprise,1045.3,Manufacturing,East
C0214,2023-06-18,Basic,60.26,EdTech,East
C0215,2023-12-13,Enterprise,1086.25,Retail,South
C0216,2023-08-20,Enterprise,1188.5,EdTech,East
C0217,2023-04-03,Pro,180.21,Manufacturing,North
C0218,2024-04-10,Basic,58.78,Finance,West
C0219,2024-10-15,Enterprise,942.4,Healthcare,West
C0220,2023-01-26,Pro,254.18,Finance,South
C0221,2024-10-25,Basic,60.25,Logistics,East
C0222,2024-10-26,Pro,190.23,Retail,East
C0223,2024-05-19,Basic,48.7,Manufacturing,South
C0224,2024-02-02,Pro,232.47,Logistics,West
C0225,2024-08-24,Pro,191.4,EdTech,North
C0226,2024-05-16,Pro,253.85,Finance,North
C0227,2024-01-15,Basic,52.82,Healthcare,East
C0228,2023-04-12,Enterprise,1045.89,Logistics,East
C0229,2023-03-04,Basic,47.82,Retail,West
C0230,2023-04-04,Pro,230.18,Manufacturing,North
C0231,2023-02-21,Pro,198.49,Healthcare,South
C0232,2023-03-12,Enterprise,1120.56,Manufacturing,South
C0233,2023-08-27,Basic,46.99,Manufacturing,North
C0234,2023-10-11,Enterprise,956.92,Healthcare,East
C0235,2023-06-28,Basic,61.08,Healthcare,North
C0236,2024-01-02,Pro,198.04,Finance,North
C0237,2023-06-28,Basic,46.58,EdTech,North
C0238,2023-03-07,Pro,241.03,Manufacturing,North
C0239,2024-04-07,Pro,254.36,Retail,East
C0240,2024-04-14,Pro,181.58,EdTech,West
C0241,2024-03-12,Pro,218.13,EdTech,North
C0242,2023-03-24,Basic,47.01,Healthcare,East
C0243,2024-10-01,Pro,222.75,Finance,West
C0244,2024-09-03,Pro,215.22,Manufacturing,West
C0245,2023-04-12,Pro,188.21,Logistics,South
C0246,2024-03-16,Pro,197.29,Finance,West
C0247,2024-02-13,Pro,186.67,EdTech,East
C0248,2024-11-12,Basic,62.79,Logistics,West
C0249,2023-03-10,Basic,45.77,EdTech,North
C0250,2024-01-17,Enterprise,1121.43,Manufacturing,East
C0251,2024-11-17,Basic,51.03,Logistics,West
C0252,2023-02-22,Enterprise,1139.02,Finance,North
C0253,2024-08-14,Pro,191.42,EdTech,South
C0254,2023-04-21,Basic,55.0,Retail,East
C0255,2024-08-10,Basic,52.51,Manufacturing,North
C0256,2024-09-15,Enterprise,1230.55,Finance,North
C0257,2023-07-04,Basic,59.04,Finance,East
C0258,2023-01-07,Basic,46.91,Logistics,West
C0259,2023-03-13,Basic,56.51,Retail,North
C0260,2024-06-27,Basic,52.33,Finance,South
C0261,2024-01-14,Basic,50.46,Manufacturing,North
C0262,2023-02-23,Basic,58.89,Retail,North
C0263,2023-10-06,Pro,212.85,Manufacturing,West
C0264,2024-02-29,Basic,58.9,Retail,East
C0265,2024-03-16,Basic,57.39,Manufacturing,West
C0266,2024-06-23,Pro,182.72,EdTech,North
C0267,2023-01-08,Basic,62.63,Healthcare,East
C0268,2023-10-24,Basic,44.25,Logistics,West
C0269,2023-06-29,Basic,54.54,Healthcare,East
C0270,2023-03-15,Basic,58.64,EdTech,North
C0271,2024-04-15,Enterprise,1243.6,Manufacturing,West
C0272,2024-08-10,Pro,230.06,Finance,North
C0273,2024-02-19,Basic,50.47,Manufacturing,West
C0274,2024-01-06,Basic,60.65,Healthcare,West
C0275,2024-08-26,Pro,185.36,Finance,East
C0276,2023-08-15,Basic,47.4,Manufacturing,North
C0277,2024-06-27,Pro,251.21,Finance,East
C0278,2024-10-22,Enterprise,993.51,Healthcare,East
C0279,2023-07-22,Basic,47.1,Logistics,North
C0280,2023-07-01,Enterprise,1150.03,EdTech,West
C0281,2024-11-28,Enterprise,1124.67,Logistics,East
C0282,2024-10-04,Basic,52.72,EdTech,West
C0283,2024-10-08,Basic,49.48,Retail,East
C0284,2024-06-03,Basic,53.15,Retail,North
C0285,2024-01-13,Enterprise,929.76,Retail,West
C0286,2024-04-18,Pro,255.06,Logistics,North
C0287,2024-04-05,Enterprise,1127.53,Healthcare,East
C0288,2024-09-11,Pro,191.11,Retail,West
C0289,2023-04-16,Enterprise,1233.72,Logistics,North
C0290,2024-05-31,Pro,182.22,Logistics,West
C0291,2024-03-25,Pro,227.64,Finance,East
C0292,2023-10-17,Basic,59.28,Logistics,North
C0293,2024-10-08,Pro,184.35,Retail,West
C0294,2023-10-18,Basic,60.79,Manufacturing,South
C0295,2023-12-08,Basic,57.11,Finance,East
C0296,2024-11-02,Pro,210.3,Manufacturing,North
C0297,2023-11-14,Pro,230.32,Finance,South
C0298,2024-11-17,Pro,254.49,Logistics,North
C0299,2024-10-23,Pro,219.58,Retail,East
C0300,2023-11-13,Basic,48.3,EdTech,South
