client_id,month,logins,feature_usage_score,support_tickets
C0001,2026-01-01,25,0.807,1
C0001,2026-02-01,23,0.718,2
C0001,2026-03-01,22,0.684,3
C0001,2026-04-01,15,0.496,2
C0001,2026-05-01,11,0.364,3
C0001,2026-06-01,7,0.241,3
C0002,2026-01-01,45,0.398,1
C0002,2026-02-01,51,0.452,2
C0002,2026-03-01,42,0.373,0
C0002,2026-04-01,46,0.403,0
C0002,2026-05-01,43,0.376,1
C0002,2026-06-01,52,0.461,0
C0003,2026-01-01,48,0.724,3
C0003,2026-02-01,45,0.671,1
C0003,2026-03-01,36,0.548,0
C0003,2026-04-01,31,0.466,2
C0003,2026-05-01,19,0.296,4
C0003,2026-06-01,13,0.198,0
C0004,2026-01-01,35,0.842,3
C0004,2026-02-01,25,0.607,2
C0004,2026-03-01,21,0.501,3
C0004,2026-04-01,20,0.487,0
C0004,2026-05-01,14,0.337,2
C0004,2026-06-01,9,0.218,2
C0005,2026-01-01,30,0.662,2
C0005,2026-02-01,26,0.568,2
C0005,2026-03-01,18,0.404,4
C0005,2026-04-01,13,0.3,2
C0005,2026-05-01,10,0.225,3
C0005,2026-06-01,6,0.147,1
C0006,2026-01-01,27,0.882,4
C0006,2026-02-01,18,0.613,4
C0006,2026-03-01,16,0.523,1
C0006,2026-04-01,14,0.463,3
C0006,2026-05-01,11,0.36,3
C0006,2026-06-01,6,0.205,4
C0007,2026-01-01,21,0.759,4
C0007,2026-02-01,15,0.57,3
C0007,2026-03-01,12,0.463,1
C0007,2026-04-01,10,0.373,6
C0007,2026-05-01,8,0.298,3
C0007,2026-06-01,5,0.19,2
C0008,2026-01-01,47,0.501,0
C0008,2026-02-01,45,0.488,1
C0008,2026-03-01,46,0.497,1
C0008,2026-04-01,47,0.503,0
C0008,2026-05-01,40,0.434,1
C0008,2026-06-01,40,0.432,0
C0009,2026-01-01,43,0.595,2
C0009,2026-02-01,36,0.498,0
C0009,2026-03-01,32,0.445,0
C0009,2026-04-01,42,0.585,1
C0009,2026-05-01,41,0.571,2
C0009,2026-06-01,39,0.541,2
C0010,2026-01-01,22,0.439,1
C0010,2026-02-01,26,0.515,1
C0010,2026-03-01,25,0.496,3
C0010,2026-04-01,21,0.418,0
C0010,2026-05-01,25,0.498,1
C0010,2026-06-01,23,0.462,0
C0011,2026-01-01,12,0.73,2
C0011,2026-02-01,11,0.663,1
C0011,2026-03-01,9,0.534,0
C0011,2026-04-01,9,0.531,4
C0011,2026-05-01,6,0.352,2
C0011,2026-06-01,3,0.208,5
C0012,2026-01-01,29,0.46,1
C0012,2026-02-01,30,0.478,2
C0012,2026-03-01,34,0.54,1
C0012,2026-04-01,34,0.538,0
C0012,2026-05-01,28,0.451,0
C0012,2026-06-01,36,0.571,0
C0013,2026-01-01,39,0.597,1
C0013,2026-02-01,46,0.702,0
C0013,2026-03-01,42,0.644,4
C0013,2026-04-01,41,0.624,0
C0013,2026-05-01,45,0.684,2
C0013,2026-06-01,47,0.722,1
C0014,2026-01-01,27,0.621,2
C0014,2026-02-01,26,0.612,1
C0014,2026-03-01,21,0.483,2
C0014,2026-04-01,15,0.361,6
C0014,2026-05-01,13,0.311,2
C0014,2026-06-01,7,0.174,2
C0015,2026-01-01,45,0.655,2
C0015,2026-02-01,39,0.57,5
C0015,2026-03-01,34,0.493,4
C0015,2026-04-01,29,0.426,8
C0015,2026-05-01,17,0.251,3
C0015,2026-06-01,10,0.145,2
C0016,2026-01-01,20,0.612,3
C0016,2026-02-01,16,0.505,1
C0016,2026-03-01,14,0.433,4
C0016,2026-04-01,11,0.337,3
C0016,2026-05-01,7,0.217,5
C0016,2026-06-01,4,0.124,2
C0017,2026-01-01,51,0.594,0
C0017,2026-02-01,45,0.532,2
C0017,2026-03-01,36,0.421,3
C0017,2026-04-01,30,0.358,4
C0017,2026-05-01,19,0.226,1
C0017,2026-06-01,11,0.129,0
C0018,2026-01-01,24,0.467,0
C0018,2026-02-01,22,0.426,1
C0018,2026-03-01,21,0.405,1
C0018,2026-04-01,19,0.372,0
C0018,2026-05-01,20,0.393,1
C0018,2026-06-01,19,0.372,1
C0019,2026-01-01,38,0.754,2
C0019,2026-02-01,34,0.666,0
C0019,2026-03-01,31,0.609,1
C0019,2026-04-01,36,0.708,0
C0019,2026-05-01,30,0.597,1
C0019,2026-06-01,32,0.629,0
C0020,2026-01-01,17,0.791,1
C0020,2026-02-01,15,0.739,1
C0020,2026-03-01,17,0.8,0
C0020,2026-04-01,20,0.93,1
C0020,2026-05-01,19,0.894,1
C0020,2026-06-01,20,0.932,0
C0021,2026-01-01,35,0.516,0
C0021,2026-02-01,35,0.512,5
C0021,2026-03-01,26,0.383,6
C0021,2026-04-01,23,0.341,0
C0021,2026-05-01,14,0.212,4
C0021,2026-06-01,8,0.125,2
C0022,2026-01-01,43,0.453,2
C0022,2026-02-01,39,0.41,3
C0022,2026-03-01,29,0.312,1
C0022,2026-04-01,21,0.229,0
C0022,2026-05-01,14,0.154,3
C0022,2026-06-01,11,0.115,3
C0023,2026-01-01,36,0.664,1
C0023,2026-02-01,30,0.561,0
C0023,2026-03-01,33,0.612,1
C0023,2026-04-01,33,0.613,1
C0023,2026-05-01,36,0.665,1
C0023,2026-06-01,38,0.7,0
C0024,2026-01-01,50,0.838,0
C0024,2026-02-01,61,1.0,1
C0024,2026-03-01,61,1.0,0
C0024,2026-04-01,47,0.784,0
C0024,2026-05-01,56,0.936,0
C0024,2026-06-01,51,0.862,0
C0025,2026-01-01,49,0.412,0
C0025,2026-02-01,64,0.53,1
C0025,2026-03-01,61,0.506,1
C0025,2026-04-01,56,0.471,0
C0025,2026-05-01,51,0.426,0
C0025,2026-06-01,53,0.442,2
C0026,2026-01-01,54,0.563,1
C0026,2026-02-01,57,0.595,1
C0026,2026-03-01,57,0.602,3
C0026,2026-04-01,59,0.614,1
C0026,2026-05-01,63,0.662,2
C0026,2026-06-01,53,0.561,1
C0027,2026-01-01,19,0.693,2
C0027,2026-02-01,15,0.566,0
C0027,2026-03-01,13,0.502,1
C0027,2026-04-01,9,0.349,3
C0027,2026-05-01,6,0.243,3
C0027,2026-06-01,5,0.184,5
C0028,2026-01-01,51,0.741,0
C0028,2026-02-01,40,0.583,1
C0028,2026-03-01,49,0.713,0
C0028,2026-04-01,48,0.699,0
C0028,2026-05-01,42,0.602,1
C0028,2026-06-01,47,0.681,2
C0029,2026-01-01,58,0.856,3
C0029,2026-02-01,44,0.647,4
C0029,2026-03-01,45,0.664,4
C0029,2026-04-01,31,0.465,3
C0029,2026-05-01,26,0.384,2
C0029,2026-06-01,14,0.211,2
C0030,2026-01-01,22,0.918,1
C0030,2026-02-01,22,0.923,1
C0030,2026-03-01,21,0.846,0
C0030,2026-04-01,21,0.856,1
C0030,2026-05-01,20,0.817,1
C0030,2026-06-01,18,0.755,1
C0031,2026-01-01,36,0.878,0
C0031,2026-02-01,38,0.932,1
C0031,2026-03-01,35,0.86,1
C0031,2026-04-01,36,0.898,1
C0031,2026-05-01,34,0.828,1
C0031,2026-06-01,30,0.732,0
C0032,2026-01-01,24,0.733,0
C0032,2026-02-01,22,0.675,2
C0032,2026-03-01,18,0.534,3
C0032,2026-04-01,15,0.447,2
C0032,2026-05-01,10,0.315,0
C0032,2026-06-01,7,0.228,6
C0033,2026-01-01,20,0.618,0
C0033,2026-02-01,21,0.666,0
C0033,2026-03-01,26,0.812,0
C0033,2026-04-01,24,0.752,0
C0033,2026-05-01,23,0.711,2
C0033,2026-06-01,24,0.763,0
C0034,2026-01-01,58,0.499,1
C0034,2026-02-01,53,0.456,0
C0034,2026-03-01,50,0.43,1
C0034,2026-04-01,53,0.46,0
C0034,2026-05-01,48,0.416,2
C0034,2026-06-01,56,0.486,3
C0035,2026-01-01,45,0.651,3
C0035,2026-02-01,48,0.698,0
C0035,2026-03-01,34,0.494,2
C0035,2026-04-01,30,0.445,2
C0035,2026-05-01,17,0.25,3
C0035,2026-06-01,11,0.16,7
C0036,2026-01-01,21,0.496,0
C0036,2026-02-01,27,0.624,2
C0036,2026-03-01,22,0.507,0
C0036,2026-04-01,27,0.626,1
C0036,2026-05-01,24,0.555,1
C0036,2026-06-01,22,0.516,2
C0037,2026-01-01,20,0.547,1
C0037,2026-02-01,20,0.533,2
C0037,2026-03-01,17,0.466,2
C0037,2026-04-01,18,0.494,0
C0037,2026-05-01,20,0.531,2
C0037,2026-06-01,20,0.526,1
C0038,2026-01-01,25,0.713,2
C0038,2026-02-01,19,0.533,0
C0038,2026-03-01,18,0.505,2
C0038,2026-04-01,15,0.429,3
C0038,2026-05-01,9,0.265,2
C0038,2026-06-01,7,0.196,4
C0039,2026-01-01,14,0.698,1
C0039,2026-02-01,14,0.702,1
C0039,2026-03-01,17,0.847,0
C0039,2026-04-01,17,0.831,0
C0039,2026-05-01,17,0.849,0
C0039,2026-06-01,18,0.878,1
C0040,2026-01-01,35,0.609,2
C0040,2026-02-01,45,0.792,2
C0040,2026-03-01,41,0.719,0
C0040,2026-04-01,42,0.739,0
C0040,2026-05-01,38,0.667,2
C0040,2026-06-01,37,0.655,1
C0041,2026-01-01,57,0.595,2
C0041,2026-02-01,52,0.542,2
C0041,2026-03-01,36,0.379,3
C0041,2026-04-01,31,0.323,3
C0041,2026-05-01,22,0.239,1
C0041,2026-06-01,13,0.144,2
C0042,2026-01-01,25,0.593,1
C0042,2026-02-01,25,0.595,1
C0042,2026-03-01,26,0.617,2
C0042,2026-04-01,27,0.636,1
C0042,2026-05-01,21,0.495,2
C0042,2026-06-01,23,0.535,2
C0043,2026-01-01,46,0.418,0
C0043,2026-02-01,44,0.402,1
C0043,2026-03-01,49,0.446,2
C0043,2026-04-01,44,0.404,0
C0043,2026-05-01,43,0.392,1
C0043,2026-06-01,56,0.514,1
C0044,2026-01-01,61,0.694,1
C0044,2026-02-01,60,0.683,1
C0044,2026-03-01,59,0.666,1
C0044,2026-04-01,61,0.688,2
C0044,2026-05-01,57,0.649,0
C0044,2026-06-01,48,0.552,0
C0045,2026-01-01,25,0.652,3
C0045,2026-02-01,21,0.552,4
C0045,2026-03-01,16,0.428,4
C0045,2026-04-01,11,0.306,2
C0045,2026-05-01,11,0.294,3
C0045,2026-06-01,6,0.163,1
C0046,2026-01-01,28,0.485,0
C0046,2026-02-01,25,0.439,0
C0046,2026-03-01,29,0.507,0
C0046,2026-04-01,33,0.566,0
C0046,2026-05-01,31,0.531,0
C0046,2026-06-01,29,0.503,1
C0047,2026-01-01,43,0.357,1
C0047,2026-02-01,43,0.36,2
C0047,2026-03-01,45,0.376,1
C0047,2026-04-01,47,0.388,0
C0047,2026-05-01,47,0.392,2
C0047,2026-06-01,42,0.349,1
C0048,2026-01-01,16,0.622,1
C0048,2026-02-01,18,0.696,2
C0048,2026-03-01,15,0.597,1
C0048,2026-04-01,18,0.686,1
C0048,2026-05-01,19,0.739,1
C0048,2026-06-01,16,0.64,0
C0049,2026-01-01,47,0.656,3
C0049,2026-02-01,61,0.846,0
C0049,2026-03-01,52,0.717,0
C0049,2026-04-01,58,0.806,3
C0049,2026-05-01,51,0.704,1
C0049,2026-06-01,61,0.838,0
C0050,2026-01-01,24,0.501,2
C0050,2026-02-01,20,0.425,2
C0050,2026-03-01,14,0.302,1
C0050,2026-04-01,11,0.245,1
C0050,2026-05-01,9,0.19,3
C0050,2026-06-01,5,0.124,4
C0051,2026-01-01,49,0.53,4
C0051,2026-02-01,33,0.36,6
C0051,2026-03-01,34,0.375,0
C0051,2026-04-01,22,0.247,1
C0051,2026-05-01,17,0.184,5
C0051,2026-06-01,11,0.123,5
C0052,2026-01-01,34,0.698,1
C0052,2026-02-01,34,0.699,0
C0052,2026-03-01,33,0.695,0
C0052,2026-04-01,34,0.71,0
C0052,2026-05-01,33,0.692,0
C0052,2026-06-01,29,0.596,0
C0053,2026-01-01,41,0.843,3
C0053,2026-02-01,36,0.755,0
C0053,2026-03-01,39,0.803,1
C0053,2026-04-01,38,0.787,0
C0053,2026-05-01,38,0.778,1
C0053,2026-06-01,30,0.632,1
C0054,2026-01-01,47,0.558,0
C0054,2026-02-01,51,0.608,0
C0054,2026-03-01,46,0.545,1
C0054,2026-04-01,41,0.489,0
C0054,2026-05-01,38,0.461,1
C0054,2026-06-01,44,0.53,2
C0055,2026-01-01,49,0.74,0
C0055,2026-02-01,52,0.788,0
C0055,2026-03-01,42,0.639,0
C0055,2026-04-01,50,0.753,0
C0055,2026-05-01,41,0.614,1
C0055,2026-06-01,54,0.811,2
C0056,2026-01-01,21,0.487,3
C0056,2026-02-01,18,0.411,1
C0056,2026-03-01,14,0.338,2
C0056,2026-04-01,11,0.248,4
C0056,2026-05-01,8,0.198,0
C0056,2026-06-01,5,0.128,2
C0057,2026-01-01,48,0.896,0
C0057,2026-02-01,39,0.727,1
C0057,2026-03-01,40,0.746,1
C0057,2026-04-01,41,0.763,0
C0057,2026-05-01,42,0.793,0
C0057,2026-06-01,47,0.877,3
C0058,2026-01-01,54,0.669,1
C0058,2026-02-01,40,0.494,2
C0058,2026-03-01,33,0.416,1
C0058,2026-04-01,26,0.328,3
C0058,2026-05-01,20,0.248,6
C0058,2026-06-01,13,0.163,2
C0059,2026-01-01,61,0.764,1
C0059,2026-02-01,50,0.634,6
C0059,2026-03-01,36,0.459,0
C0059,2026-04-01,29,0.367,1
C0059,2026-05-01,23,0.294,3
C0059,2026-06-01,13,0.166,1
C0060,2026-01-01,36,0.834,0
C0060,2026-02-01,35,0.83,0
C0060,2026-03-01,33,0.783,0
C0060,2026-04-01,33,0.781,2
C0060,2026-05-01,34,0.8,0
C0060,2026-06-01,38,0.888,0
C0061,2026-01-01,32,0.556,2
C0061,2026-02-01,32,0.551,0
C0061,2026-03-01,35,0.608,0
C0061,2026-04-01,30,0.527,2
C0061,2026-05-01,30,0.519,0
C0061,2026-06-01,34,0.588,0
C0062,2026-01-01,22,0.51,4
C0062,2026-02-01,21,0.493,1
C0062,2026-03-01,16,0.364,4
C0062,2026-04-01,12,0.295,5
C0062,2026-05-01,8,0.202,3
C0062,2026-06-01,5,0.135,2
C0063,2026-01-01,25,0.758,0
C0063,2026-02-01,27,0.829,0
C0063,2026-03-01,25,0.758,0
C0063,2026-04-01,23,0.719,2
C0063,2026-05-01,28,0.873,0
C0063,2026-06-01,24,0.75,0
C0064,2026-01-01,18,0.742,2
C0064,2026-02-01,18,0.765,4
C0064,2026-03-01,15,0.636,1
C0064,2026-04-01,17,0.716,3
C0064,2026-05-01,19,0.783,0
C0064,2026-06-01,15,0.647,3
C0065,2026-01-01,23,0.409,1
C0065,2026-02-01,22,0.386,3
C0065,2026-03-01,15,0.274,5
C0065,2026-04-01,14,0.25,5
C0065,2026-05-01,10,0.179,1
C0065,2026-06-01,5,0.1,3
C0066,2026-01-01,25,0.728,2
C0066,2026-02-01,21,0.619,3
C0066,2026-03-01,16,0.473,3
C0066,2026-04-01,16,0.462,1
C0066,2026-05-01,11,0.325,3
C0066,2026-06-01,6,0.179,1
C0067,2026-01-01,15,0.773,4
C0067,2026-02-01,16,0.812,4
C0067,2026-03-01,10,0.541,1
C0067,2026-04-01,10,0.53,3
C0067,2026-05-01,7,0.394,3
C0067,2026-06-01,4,0.208,4
C0068,2026-01-01,49,0.53,4
C0068,2026-02-01,43,0.466,0
C0068,2026-03-01,30,0.323,4
C0068,2026-04-01,21,0.234,1
C0068,2026-05-01,17,0.185,2
C0068,2026-06-01,11,0.127,5
C0069,2026-01-01,41,0.622,0
C0069,2026-02-01,36,0.549,2
C0069,2026-03-01,35,0.541,0
C0069,2026-04-01,40,0.614,1
C0069,2026-05-01,39,0.599,1
C0069,2026-06-01,35,0.537,0
C0070,2026-01-01,25,0.764,0
C0070,2026-02-01,28,0.86,0
C0070,2026-03-01,28,0.84,0
C0070,2026-04-01,28,0.857,0
C0070,2026-05-01,23,0.687,1
C0070,2026-06-01,25,0.765,1
C0071,2026-01-01,35,0.737,4
C0071,2026-02-01,25,0.525,2
C0071,2026-03-01,25,0.53,1
C0071,2026-04-01,20,0.421,0
C0071,2026-05-01,14,0.3,5
C0071,2026-06-01,8,0.172,2
C0072,2026-01-01,17,0.528,2
C0072,2026-02-01,22,0.687,0
C0072,2026-03-01,19,0.596,0
C0072,2026-04-01,22,0.679,0
C0072,2026-05-01,17,0.512,0
C0072,2026-06-01,19,0.579,1
C0073,2026-01-01,48,0.883,0
C0073,2026-02-01,40,0.731,1
C0073,2026-03-01,45,0.829,1
C0073,2026-04-01,36,0.663,1
C0073,2026-05-01,44,0.813,0
C0073,2026-06-01,45,0.822,1
C0074,2026-01-01,17,0.726,1
C0074,2026-02-01,16,0.659,0
C0074,2026-03-01,19,0.775,1
C0074,2026-04-01,20,0.827,2
C0074,2026-05-01,20,0.819,1
C0074,2026-06-01,19,0.793,0
C0075,2026-01-01,66,0.516,0
C0075,2026-02-01,55,0.431,2
C0075,2026-03-01,61,0.474,1
C0075,2026-04-01,54,0.42,1
C0075,2026-05-01,52,0.408,2
C0075,2026-06-01,52,0.411,0
C0076,2026-01-01,56,0.622,0
C0076,2026-02-01,59,0.659,0
C0076,2026-03-01,57,0.632,0
C0076,2026-04-01,57,0.64,2
C0076,2026-05-01,58,0.644,0
C0076,2026-06-01,57,0.633,2
C0077,2026-01-01,64,0.864,2
C0077,2026-02-01,43,0.578,2
C0077,2026-03-01,39,0.535,5
C0077,2026-04-01,33,0.454,1
C0077,2026-05-01,20,0.272,3
C0077,2026-06-01,14,0.198,2
C0078,2026-01-01,20,0.913,0
C0078,2026-02-01,16,0.742,0
C0078,2026-03-01,18,0.823,1
C0078,2026-04-01,16,0.732,0
C0078,2026-05-01,19,0.901,3
C0078,2026-06-01,17,0.8,1
C0079,2026-01-01,59,0.515,1
C0079,2026-02-01,50,0.441,0
C0079,2026-03-01,58,0.504,1
C0079,2026-04-01,63,0.549,1
C0079,2026-05-01,57,0.496,0
C0079,2026-06-01,58,0.505,2
C0080,2026-01-01,44,0.694,2
C0080,2026-02-01,46,0.717,1
C0080,2026-03-01,41,0.643,2
C0080,2026-04-01,37,0.584,1
C0080,2026-05-01,40,0.632,2
C0080,2026-06-01,37,0.58,2
C0081,2026-01-01,24,0.595,2
C0081,2026-02-01,26,0.657,1
C0081,2026-03-01,24,0.599,0
C0081,2026-04-01,32,0.791,0
C0081,2026-05-01,31,0.779,2
C0081,2026-06-01,24,0.6,0
C0082,2026-01-01,43,0.404,1
C0082,2026-02-01,48,0.449,2
C0082,2026-03-01,48,0.449,1
C0082,2026-04-01,51,0.476,2
C0082,2026-05-01,46,0.434,0
C0082,2026-06-01,43,0.406,1
C0083,2026-01-01,43,0.702,1
C0083,2026-02-01,31,0.511,4
C0083,2026-03-01,23,0.382,4
C0083,2026-04-01,24,0.391,4
C0083,2026-05-01,17,0.278,3
C0083,2026-06-01,8,0.139,3
C0084,2026-01-01,42,0.527,1
C0084,2026-02-01,30,0.378,3
C0084,2026-03-01,23,0.286,5
C0084,2026-04-01,23,0.289,2
C0084,2026-05-01,16,0.202,1
C0084,2026-06-01,9,0.124,2
C0085,2026-01-01,36,0.673,1
C0085,2026-02-01,33,0.617,1
C0085,2026-03-01,32,0.609,1
C0085,2026-04-01,31,0.58,0
C0085,2026-05-01,33,0.624,0
C0085,2026-06-01,30,0.566,0
C0086,2026-01-01,28,0.927,3
C0086,2026-02-01,23,0.768,2
C0086,2026-03-01,29,0.949,2
C0086,2026-04-01,26,0.848,0
C0086,2026-05-01,29,0.938,0
C0086,2026-06-01,30,0.969,1
C0087,2026-01-01,13,0.453,1
C0087,2026-02-01,16,0.535,1
C0087,2026-03-01,15,0.512,0
C0087,2026-04-01,16,0.547,0
C0087,2026-05-01,17,0.578,2
C0087,2026-06-01,14,0.48,1
C0088,2026-01-01,15,0.553,3
C0088,2026-02-01,15,0.55,2
C0088,2026-03-01,18,0.667,1
C0088,2026-04-01,14,0.521,1
C0088,2026-05-01,17,0.602,1
C0088,2026-06-01,15,0.563,0
C0089,2026-01-01,52,0.576,0
C0089,2026-02-01,53,0.588,0
C0089,2026-03-01,48,0.529,1
C0089,2026-04-01,47,0.526,1
C0089,2026-05-01,45,0.5,0
C0089,2026-06-01,53,0.586,1
C0090,2026-01-01,27,0.566,5
C0090,2026-02-01,25,0.525,0
C0090,2026-03-01,20,0.436,2
C0090,2026-04-01,17,0.357,4
C0090,2026-05-01,10,0.219,2
C0090,2026-06-01,7,0.16,2
C0091,2026-01-01,57,0.74,5
C0091,2026-02-01,48,0.624,4
C0091,2026-03-01,36,0.477,4
C0091,2026-04-01,29,0.387,1
C0091,2026-05-01,18,0.245,4
C0091,2026-06-01,12,0.158,3
C0092,2026-01-01,21,0.498,0
C0092,2026-02-01,24,0.556,0
C0092,2026-03-01,22,0.507,1
C0092,2026-04-01,22,0.505,0
C0092,2026-05-01,26,0.609,0
C0092,2026-06-01,21,0.491,1
C0093,2026-01-01,44,0.873,1
C0093,2026-02-01,50,0.978,1
C0093,2026-03-01,44,0.872,0
C0093,2026-04-01,39,0.763,1
C0093,2026-05-01,40,0.791,0
C0093,2026-06-01,40,0.781,0
C0094,2026-01-01,55,0.433,0
C0094,2026-02-01,53,0.423,0
C0094,2026-03-01,56,0.444,0
C0094,2026-04-01,61,0.483,2
C0094,2026-05-01,48,0.38,0
C0094,2026-06-01,53,0.423,1
C0095,2026-01-01,58,0.78,1
C0095,2026-02-01,40,0.54,1
C0095,2026-03-01,40,0.53,5
C0095,2026-04-01,31,0.412,2
C0095,2026-05-01,21,0.286,4
C0095,2026-06-01,13,0.174,3
C0096,2026-01-01,40,0.619,1
C0096,2026-02-01,32,0.504,0
C0096,2026-03-01,32,0.5,0
C0096,2026-04-01,38,0.592,1
C0096,2026-05-01,38,0.592,0
C0096,2026-06-01,38,0.594,0
C0097,2026-01-01,31,0.794,1
C0097,2026-02-01,29,0.725,0
C0097,2026-03-01,27,0.689,0
C0097,2026-04-01,28,0.708,1
C0097,2026-05-01,28,0.699,0
C0097,2026-06-01,29,0.74,0
C0098,2026-01-01,51,0.538,2
C0098,2026-02-01,56,0.582,0
C0098,2026-03-01,55,0.579,1
C0098,2026-04-01,49,0.51,2
C0098,2026-05-01,64,0.663,2
C0098,2026-06-01,55,0.574,1
C0099,2026-01-01,33,0.824,1
C0099,2026-02-01,28,0.71,0
C0099,2026-03-01,24,0.611,2
C0099,2026-04-01,17,0.432,1
C0099,2026-05-01,12,0.306,1
C0099,2026-06-01,8,0.199,5
C0100,2026-01-01,50,0.673,2
C0100,2026-02-01,39,0.525,6
C0100,2026-03-01,34,0.458,2
C0100,2026-04-01,27,0.366,4
C0100,2026-05-01,22,0.303,1
C0100,2026-06-01,12,0.172,2
C0101,2026-01-01,53,0.829,0
C0101,2026-02-01,60,0.941,1
C0101,2026-03-01,55,0.869,0
C0101,2026-04-01,59,0.93,0
C0101,2026-05-01,60,0.934,0
C0101,2026-06-01,55,0.861,0
C0102,2026-01-01,39,0.517,3
C0102,2026-02-01,31,0.41,3
C0102,2026-03-01,29,0.382,1
C0102,2026-04-01,20,0.27,3
C0102,2026-05-01,15,0.202,0
C0102,2026-06-01,8,0.105,1
C0103,2026-01-01,14,0.715,0
C0103,2026-02-01,18,0.898,1
C0103,2026-03-01,14,0.709,0
C0103,2026-04-01,14,0.698,1
C0103,2026-05-01,15,0.73,1
C0103,2026-06-01,17,0.852,2
C0104,2026-01-01,16,0.643,4
C0104,2026-02-01,16,0.642,2
C0104,2026-03-01,12,0.507,5
C0104,2026-04-01,10,0.429,1
C0104,2026-05-01,7,0.317,0
C0104,2026-06-01,4,0.195,3
C0105,2026-01-01,38,0.624,2
C0105,2026-02-01,38,0.626,3
C0105,2026-03-01,30,0.497,5
C0105,2026-04-01,21,0.343,1
C0105,2026-05-01,19,0.311,2
C0105,2026-06-01,11,0.184,5
C0106,2026-01-01,36,0.447,2
C0106,2026-02-01,29,0.365,3
C0106,2026-03-01,25,0.312,5
C0106,2026-04-01,20,0.252,1
C0106,2026-05-01,11,0.144,3
C0106,2026-06-01,7,0.09,6
C0107,2026-01-01,24,0.539,1
C0107,2026-02-01,22,0.482,0
C0107,2026-03-01,22,0.498,1
C0107,2026-04-01,26,0.567,2
C0107,2026-05-01,20,0.455,1
C0107,2026-06-01,27,0.592,1
C0108,2026-01-01,50,0.783,1
C0108,2026-02-01,40,0.626,1
C0108,2026-03-01,46,0.72,2
C0108,2026-04-01,48,0.754,0
C0108,2026-05-01,46,0.714,0
C0108,2026-06-01,48,0.756,1
C0109,2026-01-01,16,0.431,2
C0109,2026-02-01,14,0.386,4
C0109,2026-03-01,10,0.271,3
C0109,2026-04-01,7,0.21,6
C0109,2026-05-01,6,0.161,1
C0109,2026-06-01,4,0.112,2
C0110,2026-01-01,39,0.686,0
C0110,2026-02-01,48,0.826,0
C0110,2026-03-01,47,0.825,2
C0110,2026-04-01,46,0.808,2
C0110,2026-05-01,47,0.813,0
C0110,2026-06-01,38,0.664,1
C0111,2026-01-01,58,0.838,1
C0111,2026-02-01,50,0.729,0
C0111,2026-03-01,51,0.736,0
C0111,2026-04-01,66,0.952,0
C0111,2026-05-01,66,0.945,0
C0111,2026-06-01,60,0.86,0
C0112,2026-01-01,18,0.541,5
C0112,2026-02-01,12,0.356,4
C0112,2026-03-01,10,0.313,1
C0112,2026-04-01,8,0.241,4
C0112,2026-05-01,7,0.215,0
C0112,2026-06-01,4,0.134,4
C0113,2026-01-01,19,0.56,1
C0113,2026-02-01,19,0.561,0
C0113,2026-03-01,20,0.607,1
C0113,2026-04-01,20,0.579,1
C0113,2026-05-01,19,0.556,0
C0113,2026-06-01,18,0.53,1
C0114,2026-01-01,24,0.84,1
C0114,2026-02-01,20,0.695,0
C0114,2026-03-01,24,0.854,1
C0114,2026-04-01,21,0.758,0
C0114,2026-05-01,20,0.699,1
C0114,2026-06-01,21,0.731,1
C0115,2026-01-01,20,0.616,0
C0115,2026-02-01,21,0.648,1
C0115,2026-03-01,18,0.553,0
C0115,2026-04-01,20,0.617,0
C0115,2026-05-01,16,0.49,0
C0115,2026-06-01,17,0.532,1
C0116,2026-01-01,41,0.617,2
C0116,2026-02-01,48,0.731,1
C0116,2026-03-01,42,0.632,1
C0116,2026-04-01,45,0.68,1
C0116,2026-05-01,45,0.676,0
C0116,2026-06-01,37,0.565,1
C0117,2026-01-01,49,0.506,0
C0117,2026-02-01,47,0.478,0
C0117,2026-03-01,50,0.51,3
C0117,2026-04-01,52,0.528,2
C0117,2026-05-01,58,0.594,0
C0117,2026-06-01,48,0.491,2
C0118,2026-01-01,34,0.492,0
C0118,2026-02-01,33,0.475,2
C0118,2026-03-01,36,0.526,1
C0118,2026-04-01,37,0.535,0
C0118,2026-05-01,36,0.52,0
C0118,2026-06-01,34,0.497,0
C0119,2026-01-01,26,0.626,4
C0119,2026-02-01,22,0.525,3
C0119,2026-03-01,16,0.38,3
C0119,2026-04-01,12,0.297,4
C0119,2026-05-01,10,0.25,3
C0119,2026-06-01,6,0.158,1
C0120,2026-01-01,29,0.71,0
C0120,2026-02-01,34,0.81,1
C0120,2026-03-01,37,0.902,1
C0120,2026-04-01,37,0.888,0
C0120,2026-05-01,35,0.847,0
C0120,2026-06-01,40,0.955,0
C0121,2026-01-01,27,0.618,0
C0121,2026-02-01,28,0.661,0
C0121,2026-03-01,26,0.612,1
C0121,2026-04-01,28,0.645,1
C0121,2026-05-01,29,0.685,0
C0121,2026-06-01,26,0.596,1
C0122,2026-01-01,39,0.506,4
C0122,2026-02-01,38,0.496,2
C0122,2026-03-01,28,0.361,0
C0122,2026-04-01,26,0.335,2
C0122,2026-05-01,17,0.229,1
C0122,2026-06-01,10,0.134,3
C0123,2026-01-01,47,0.439,1
C0123,2026-02-01,43,0.398,4
C0123,2026-03-01,42,0.395,5
C0123,2026-04-01,28,0.26,0
C0123,2026-05-01,22,0.206,1
C0123,2026-06-01,14,0.136,3
C0124,2026-01-01,35,0.607,6
C0124,2026-02-01,33,0.578,2
C0124,2026-03-01,26,0.454,2
C0124,2026-04-01,20,0.351,2
C0124,2026-05-01,13,0.233,3
C0124,2026-06-01,9,0.16,3
C0125,2026-01-01,55,0.473,2
C0125,2026-02-01,67,0.57,0
C0125,2026-03-01,67,0.571,0
C0125,2026-04-01,55,0.469,1
C0125,2026-05-01,62,0.53,0
C0125,2026-06-01,58,0.499,2
C0126,2026-01-01,48,0.75,1
C0126,2026-02-01,47,0.739,0
C0126,2026-03-01,55,0.859,0
C0126,2026-04-01,48,0.759,1
C0126,2026-05-01,57,0.894,1
C0126,2026-06-01,46,0.72,0
C0127,2026-01-01,52,0.529,1
C0127,2026-02-01,35,0.357,1
C0127,2026-03-01,36,0.366,6
C0127,2026-04-01,30,0.305,6
C0127,2026-05-01,17,0.179,1
C0127,2026-06-01,13,0.133,5
C0128,2026-01-01,65,0.48,3
C0128,2026-02-01,64,0.473,0
C0128,2026-03-01,62,0.457,1
C0128,2026-04-01,52,0.388,0
C0128,2026-05-01,55,0.409,1
C0128,2026-06-01,54,0.402,0
C0129,2026-01-01,26,0.823,3
C0129,2026-02-01,17,0.562,0
C0129,2026-03-01,19,0.608,2
C0129,2026-04-01,13,0.414,2
C0129,2026-05-01,9,0.294,2
C0129,2026-06-01,6,0.19,1
C0130,2026-01-01,50,0.524,2
C0130,2026-02-01,57,0.591,4
C0130,2026-03-01,43,0.452,4
C0130,2026-04-01,35,0.366,4
C0130,2026-05-01,24,0.251,3
C0130,2026-06-01,16,0.171,2
C0131,2026-01-01,21,0.822,2
C0131,2026-02-01,17,0.638,0
C0131,2026-03-01,15,0.573,2
C0131,2026-04-01,9,0.372,4
C0131,2026-05-01,9,0.359,2
C0131,2026-06-01,5,0.207,6
C0132,2026-01-01,37,0.839,2
C0132,2026-02-01,37,0.818,2
C0132,2026-03-01,24,0.545,0
C0132,2026-04-01,19,0.427,0
C0132,2026-05-01,14,0.324,5
C0132,2026-06-01,10,0.237,3
C0133,2026-01-01,51,0.706,3
C0133,2026-02-01,41,0.577,0
C0133,2026-03-01,33,0.467,2
C0133,2026-04-01,29,0.411,2
C0133,2026-05-01,20,0.283,2
C0133,2026-06-01,12,0.173,1
C0134,2026-01-01,36,0.894,0
C0134,2026-02-01,34,0.844,2
C0134,2026-03-01,41,1.0,2
C0134,2026-04-01,32,0.787,0
C0134,2026-05-01,40,0.988,0
C0134,2026-06-01,39,0.961,0
C0135,2026-01-01,36,0.548,2
C0135,2026-02-01,33,0.507,0
C0135,2026-03-01,36,0.553,4
C0135,2026-04-01,36,0.552,1
C0135,2026-05-01,36,0.546,0
C0135,2026-06-01,39,0.589,1
C0136,2026-01-01,30,0.374,0
C0136,2026-02-01,37,0.461,2
C0136,2026-03-01,29,0.371,0
C0136,2026-04-01,33,0.413,0
C0136,2026-05-01,30,0.383,1
C0136,2026-06-01,38,0.473,2
C0137,2026-01-01,30,0.668,1
C0137,2026-02-01,28,0.625,0
C0137,2026-03-01,29,0.643,3
C0137,2026-04-01,29,0.651,1
C0137,2026-05-01,32,0.717,2
C0137,2026-06-01,31,0.684,0
C0138,2026-01-01,25,0.706,1
C0138,2026-02-01,22,0.619,0
C0138,2026-03-01,26,0.745,0
C0138,2026-04-01,23,0.655,3
C0138,2026-05-01,26,0.74,2
C0138,2026-06-01,25,0.696,0
C0139,2026-01-01,56,0.474,0
C0139,2026-02-01,63,0.538,2
C0139,2026-03-01,65,0.552,0
C0139,2026-04-01,61,0.519,1
C0139,2026-05-01,65,0.553,2
C0139,2026-06-01,60,0.513,0
C0140,2026-01-01,37,0.556,2
C0140,2026-02-01,35,0.523,1
C0140,2026-03-01,42,0.624,1
C0140,2026-04-01,38,0.568,1
C0140,2026-05-01,39,0.586,1
C0140,2026-06-01,39,0.579,0
C0141,2026-01-01,47,0.527,0
C0141,2026-02-01,51,0.57,1
C0141,2026-03-01,53,0.589,0
C0141,2026-04-01,48,0.538,0
C0141,2026-05-01,56,0.627,3
C0141,2026-06-01,58,0.65,1
C0142,2026-01-01,56,0.731,2
C0142,2026-02-01,43,0.558,1
C0142,2026-03-01,34,0.448,2
C0142,2026-04-01,26,0.338,2
C0142,2026-05-01,20,0.267,2
C0142,2026-06-01,12,0.155,3
C0143,2026-01-01,34,0.543,0
C0143,2026-02-01,37,0.588,0
C0143,2026-03-01,35,0.552,0
C0143,2026-04-01,40,0.634,2
C0143,2026-05-01,41,0.644,1
C0143,2026-06-01,40,0.636,0
C0144,2026-01-01,25,0.675,1
C0144,2026-02-01,23,0.604,0
C0144,2026-03-01,24,0.64,0
C0144,2026-04-01,25,0.667,0
C0144,2026-05-01,22,0.587,1
C0144,2026-06-01,24,0.649,1
C0145,2026-01-01,13,0.584,1
C0145,2026-02-01,14,0.62,0
C0145,2026-03-01,15,0.654,2
C0145,2026-04-01,15,0.672,0
C0145,2026-05-01,14,0.625,0
C0145,2026-06-01,14,0.641,0
C0146,2026-01-01,59,0.817,2
C0146,2026-02-01,44,0.61,4
C0146,2026-03-01,36,0.493,0
C0146,2026-04-01,35,0.486,2
C0146,2026-05-01,22,0.308,3
C0146,2026-06-01,13,0.191,0
C0147,2026-01-01,53,0.59,1
C0147,2026-02-01,49,0.555,2
C0147,2026-03-01,53,0.589,0
C0147,2026-04-01,48,0.544,0
C0147,2026-05-01,49,0.546,3
C0147,2026-06-01,50,0.556,0
C0148,2026-01-01,35,0.864,3
C0148,2026-02-01,30,0.756,1
C0148,2026-03-01,35,0.864,1
C0148,2026-04-01,27,0.679,0
C0148,2026-05-01,34,0.839,1
C0148,2026-06-01,32,0.799,1
C0149,2026-01-01,46,0.496,2
C0149,2026-02-01,38,0.412,2
C0149,2026-03-01,27,0.297,0
C0149,2026-04-01,26,0.285,1
C0149,2026-05-01,16,0.178,3
C0149,2026-06-01,10,0.108,2
C0150,2026-01-01,22,0.711,1
C0150,2026-02-01,21,0.671,1
C0150,2026-03-01,18,0.571,1
C0150,2026-04-01,21,0.677,0
C0150,2026-05-01,20,0.636,2
C0150,2026-06-01,19,0.592,0
C0151,2026-01-01,58,0.69,1
C0151,2026-02-01,52,0.62,1
C0151,2026-03-01,45,0.536,4
C0151,2026-04-01,36,0.424,6
C0151,2026-05-01,26,0.308,4
C0151,2026-06-01,15,0.18,4
C0152,2026-01-01,49,0.547,4
C0152,2026-02-01,39,0.435,3
C0152,2026-03-01,36,0.402,3
C0152,2026-04-01,25,0.279,3
C0152,2026-05-01,18,0.201,2
C0152,2026-06-01,13,0.15,2
C0153,2026-01-01,51,0.719,3
C0153,2026-02-01,52,0.738,1
C0153,2026-03-01,39,0.55,0
C0153,2026-04-01,27,0.385,4
C0153,2026-05-01,21,0.301,1
C0153,2026-06-01,15,0.211,1
C0154,2026-01-01,54,0.77,1
C0154,2026-02-01,62,0.886,0
C0154,2026-03-01,64,0.915,0
C0154,2026-04-01,63,0.898,2
C0154,2026-05-01,62,0.877,2
C0154,2026-06-01,58,0.83,0
C0155,2026-01-01,52,0.744,3
C0155,2026-02-01,41,0.586,3
C0155,2026-03-01,31,0.437,7
C0155,2026-04-01,30,0.429,3
C0155,2026-05-01,22,0.31,1
C0155,2026-06-01,12,0.174,0
C0156,2026-01-01,35,0.832,3
C0156,2026-02-01,26,0.627,1
C0156,2026-03-01,22,0.521,2
C0156,2026-04-01,18,0.421,1
C0156,2026-05-01,14,0.332,2
C0156,2026-06-01,8,0.206,1
C0157,2026-01-01,19,0.756,0
C0157,2026-02-01,20,0.803,0
C0157,2026-03-01,19,0.733,0
C0157,2026-04-01,17,0.665,2
C0157,2026-05-01,20,0.773,0
C0157,2026-06-01,18,0.701,0
C0158,2026-01-01,41,0.811,1
C0158,2026-02-01,39,0.769,1
C0158,2026-03-01,39,0.76,1
C0158,2026-04-01,42,0.824,2
C0158,2026-05-01,37,0.722,0
C0158,2026-06-01,46,0.898,1
C0159,2026-01-01,38,0.914,0
C0159,2026-02-01,31,0.732,0
C0159,2026-03-01,37,0.879,1
C0159,2026-04-01,39,0.933,0
C0159,2026-05-01,30,0.724,1
C0159,2026-06-01,40,0.956,1
C0160,2026-01-01,21,0.528,0
C0160,2026-02-01,28,0.706,1
C0160,2026-03-01,22,0.565,1
C0160,2026-04-01,26,0.656,1
C0160,2026-05-01,22,0.552,0
C0160,2026-06-01,26,0.649,0
C0161,2026-01-01,27,0.932,6
C0161,2026-02-01,18,0.625,2
C0161,2026-03-01,16,0.562,3
C0161,2026-04-01,12,0.403,3
C0161,2026-05-01,10,0.351,0
C0161,2026-06-01,6,0.219,4
C0162,2026-01-01,16,0.563,1
C0162,2026-02-01,19,0.634,0
C0162,2026-03-01,16,0.55,1
C0162,2026-04-01,18,0.626,2
C0162,2026-05-01,19,0.635,0
C0162,2026-06-01,15,0.509,0
C0163,2026-01-01,46,0.451,0
C0163,2026-02-01,45,0.442,0
C0163,2026-03-01,44,0.432,0
C0163,2026-04-01,38,0.374,1
C0163,2026-05-01,42,0.418,2
C0163,2026-06-01,39,0.389,0
C0164,2026-01-01,41,0.742,1
C0164,2026-02-01,38,0.686,0
C0164,2026-03-01,36,0.655,2
C0164,2026-04-01,45,0.816,0
C0164,2026-05-01,37,0.658,1
C0164,2026-06-01,40,0.717,3
C0165,2026-01-01,36,0.507,2
C0165,2026-02-01,31,0.429,2
C0165,2026-03-01,21,0.292,8
C0165,2026-04-01,21,0.296,1
C0165,2026-05-01,12,0.167,2
C0165,2026-06-01,8,0.118,1
C0166,2026-01-01,13,0.634,0
C0166,2026-02-01,14,0.674,0
C0166,2026-03-01,13,0.644,2
C0166,2026-04-01,16,0.758,0
C0166,2026-05-01,16,0.794,1
C0166,2026-06-01,15,0.73,2
C0167,2026-01-01,37,0.727,0
C0167,2026-02-01,37,0.73,1
C0167,2026-03-01,46,0.893,2
C0167,2026-04-01,44,0.852,0
C0167,2026-05-01,41,0.801,0
C0167,2026-06-01,48,0.945,1
C0168,2026-01-01,32,0.735,4
C0168,2026-02-01,31,0.706,2
C0168,2026-03-01,22,0.515,3
C0168,2026-04-01,19,0.451,1
C0168,2026-05-01,14,0.339,3
C0168,2026-06-01,8,0.186,4
C0169,2026-01-01,65,0.456,4
C0169,2026-02-01,65,0.46,1
C0169,2026-03-01,53,0.377,0
C0169,2026-04-01,60,0.427,1
C0169,2026-05-01,53,0.375,4
C0169,2026-06-01,57,0.4,0
C0170,2026-01-01,62,0.478,0
C0170,2026-02-01,63,0.486,0
C0170,2026-03-01,55,0.427,0
C0170,2026-04-01,49,0.378,0
C0170,2026-05-01,55,0.427,1
C0170,2026-06-01,57,0.439,0
C0171,2026-01-01,40,0.721,2
C0171,2026-02-01,39,0.688,3
C0171,2026-03-01,31,0.559,6
C0171,2026-04-01,25,0.449,5
C0171,2026-05-01,21,0.372,5
C0171,2026-06-01,11,0.206,6
C0172,2026-01-01,52,0.8,3
C0172,2026-02-01,47,0.716,2
C0172,2026-03-01,37,0.561,4
C0172,2026-04-01,23,0.349,2
C0172,2026-05-01,17,0.258,4
C0172,2026-06-01,11,0.172,0
C0173,2026-01-01,19,0.977,7
C0173,2026-02-01,14,0.71,1
C0173,2026-03-01,11,0.564,4
C0173,2026-04-01,9,0.504,1
C0173,2026-05-01,7,0.372,0
C0173,2026-06-01,4,0.21,1
C0174,2026-01-01,40,0.446,4
C0174,2026-02-01,35,0.388,4
C0174,2026-03-01,26,0.288,2
C0174,2026-04-01,20,0.229,5
C0174,2026-05-01,16,0.177,1
C0174,2026-06-01,9,0.1,4
C0175,2026-01-01,23,0.646,0
C0175,2026-02-01,24,0.695,0
C0175,2026-03-01,26,0.735,0
C0175,2026-04-01,25,0.704,0
C0175,2026-05-01,20,0.581,1
C0175,2026-06-01,25,0.708,0
C0176,2026-01-01,26,0.376,1
C0176,2026-02-01,24,0.357,5
C0176,2026-03-01,20,0.296,2
C0176,2026-04-01,17,0.244,1
C0176,2026-05-01,11,0.162,2
C0176,2026-06-01,8,0.115,2
C0177,2026-01-01,27,0.488,0
C0177,2026-02-01,27,0.488,1
C0177,2026-03-01,23,0.413,0
C0177,2026-04-01,29,0.522,1
C0177,2026-05-01,26,0.463,2
C0177,2026-06-01,28,0.499,1
C0178,2026-01-01,27,0.429,0
C0178,2026-02-01,33,0.524,1
C0178,2026-03-01,28,0.45,1
C0178,2026-04-01,34,0.54,1
C0178,2026-05-01,33,0.523,1
C0178,2026-06-01,26,0.415,0
C0179,2026-01-01,36,0.466,1
C0179,2026-02-01,44,0.57,1
C0179,2026-03-01,42,0.548,2
C0179,2026-04-01,36,0.468,2
C0179,2026-05-01,41,0.529,1
C0179,2026-06-01,40,0.513,0
C0180,2026-01-01,41,0.747,4
C0180,2026-02-01,35,0.633,3
C0180,2026-03-01,34,0.628,2
C0180,2026-04-01,28,0.51,2
C0180,2026-05-01,19,0.349,4
C0180,2026-06-01,10,0.183,3
C0181,2026-01-01,52,0.444,1
C0181,2026-02-01,40,0.343,0
C0181,2026-03-01,40,0.347,0
C0181,2026-04-01,45,0.385,0
C0181,2026-05-01,52,0.452,1
C0181,2026-06-01,42,0.363,3
C0182,2026-01-01,19,0.76,3
C0182,2026-02-01,15,0.616,3
C0182,2026-03-01,11,0.462,2
C0182,2026-04-01,8,0.352,2
C0182,2026-05-01,6,0.264,0
C0182,2026-06-01,4,0.18,4
C0183,2026-01-01,32,0.83,1
C0183,2026-02-01,28,0.72,0
C0183,2026-03-01,33,0.855,1
C0183,2026-04-01,27,0.704,0
C0183,2026-05-01,29,0.745,0
C0183,2026-06-01,32,0.817,0
C0184,2026-01-01,14,0.764,0
C0184,2026-02-01,16,0.868,1
C0184,2026-03-01,15,0.82,1
C0184,2026-04-01,18,0.968,0
C0184,2026-05-01,16,0.832,1
C0184,2026-06-01,17,0.891,3
C0185,2026-01-01,14,0.548,2
C0185,2026-02-01,13,0.539,1
C0185,2026-03-01,11,0.439,4
C0185,2026-04-01,7,0.297,0
C0185,2026-05-01,5,0.225,0
C0185,2026-06-01,4,0.167,3
C0186,2026-01-01,27,0.777,0
C0186,2026-02-01,29,0.834,0
C0186,2026-03-01,24,0.686,0
C0186,2026-04-01,30,0.866,0
C0186,2026-05-01,23,0.657,1
C0186,2026-06-01,27,0.776,1
C0187,2026-01-01,61,0.913,0
C0187,2026-02-01,62,0.931,0
C0187,2026-03-01,46,0.697,1
C0187,2026-04-01,57,0.858,1
C0187,2026-05-01,60,0.906,1
C0187,2026-06-01,58,0.876,1
C0188,2026-01-01,24,0.575,1
C0188,2026-02-01,20,0.491,0
C0188,2026-03-01,23,0.572,0
C0188,2026-04-01,23,0.574,1
C0188,2026-05-01,18,0.449,1
C0188,2026-06-01,19,0.469,0
C0189,2026-01-01,19,0.963,0
C0189,2026-02-01,17,0.866,3
C0189,2026-03-01,18,0.912,1
C0189,2026-04-01,16,0.828,0
C0189,2026-05-01,19,0.983,4
C0189,2026-06-01,14,0.753,0
C0190,2026-01-01,21,0.68,1
C0190,2026-02-01,17,0.537,5
C0190,2026-03-01,15,0.469,0
C0190,2026-04-01,10,0.312,2
C0190,2026-05-01,8,0.274,3
C0190,2026-06-01,4,0.145,1
C0191,2026-01-01,31,0.501,1
C0191,2026-02-01,30,0.492,3
C0191,2026-03-01,24,0.394,2
C0191,2026-04-01,19,0.312,7
C0191,2026-05-01,12,0.201,0
C0191,2026-06-01,7,0.124,2
C0192,2026-01-01,16,0.777,0
C0192,2026-02-01,20,0.942,3
C0192,2026-03-01,16,0.77,1
C0192,2026-04-01,16,0.769,0
C0192,2026-05-01,18,0.859,0
C0192,2026-06-01,17,0.823,0
C0193,2026-01-01,25,0.761,0
C0193,2026-02-01,20,0.609,1
C0193,2026-03-01,20,0.63,1
C0193,2026-04-01,20,0.621,0
C0193,2026-05-01,19,0.592,1
C0193,2026-06-01,19,0.599,1
C0194,2026-01-01,61,0.586,0
C0194,2026-02-01,59,0.569,0
C0194,2026-03-01,53,0.505,2
C0194,2026-04-01,64,0.611,3
C0194,2026-05-01,51,0.494,1
C0194,2026-06-01,61,0.587,1
C0195,2026-01-01,31,0.517,1
C0195,2026-02-01,29,0.478,2
C0195,2026-03-01,28,0.459,2
C0195,2026-04-01,18,0.297,2
C0195,2026-05-01,16,0.272,2
C0195,2026-06-01,10,0.165,2
C0196,2026-01-01,46,0.716,0
C0196,2026-02-01,49,0.765,1
C0196,2026-03-01,54,0.845,3
C0196,2026-04-01,44,0.69,1
C0196,2026-05-01,42,0.661,0
C0196,2026-06-01,54,0.851,0
C0197,2026-01-01,31,0.511,0
C0197,2026-02-01,27,0.448,1
C0197,2026-03-01,30,0.484,0
C0197,2026-04-01,30,0.486,1
C0197,2026-05-01,29,0.477,1
C0197,2026-06-01,26,0.432,2
C0198,2026-01-01,16,0.357,0
C0198,2026-02-01,21,0.461,0
C0198,2026-03-01,18,0.404,1
C0198,2026-04-01,16,0.365,0
C0198,2026-05-01,21,0.461,0
C0198,2026-06-01,20,0.451,1
C0199,2026-01-01,40,0.522,1
C0199,2026-02-01,31,0.399,0
C0199,2026-03-01,40,0.52,2
C0199,2026-04-01,35,0.452,1
C0199,2026-05-01,38,0.492,1
C0199,2026-06-01,35,0.461,2
C0200,2026-01-01,35,0.669,0
C0200,2026-02-01,35,0.678,1
C0200,2026-03-01,35,0.672,0
C0200,2026-04-01,36,0.693,2
C0200,2026-05-01,43,0.827,1
C0200,2026-06-01,33,0.638,0
C0201,2026-01-01,56,0.74,0
C0201,2026-02-01,53,0.708,2
C0201,2026-03-01,60,0.79,0
C0201,2026-04-01,53,0.704,0
C0201,2026-05-01,47,0.621,1
C0201,2026-06-01,52,0.684,2
C0202,2026-01-01,45,0.557,2
C0202,2026-02-01,35,0.428,3
C0202,2026-03-01,29,0.364,0
C0202,2026-04-01,24,0.3,1
C0202,2026-05-01,17,0.218,2
C0202,2026-06-01,11,0.143,1
C0203,2026-01-01,60,0.587,2
C0203,2026-02-01,59,0.577,1
C0203,2026-03-01,67,0.651,1
C0203,2026-04-01,60,0.58,4
C0203,2026-05-01,57,0.56,0
C0203,2026-06-01,54,0.524,1
C0204,2026-01-01,30,0.6,1
C0204,2026-02-01,38,0.764,2
C0204,2026-03-01,32,0.653,2
C0204,2026-04-01,38,0.763,0
C0204,2026-05-01,34,0.693,0
C0204,2026-06-01,33,0.669,1
C0205,2026-01-01,59,1.0,1
C0205,2026-02-01,45,0.792,1
C0205,2026-03-01,54,0.942,1
C0205,2026-04-01,48,0.837,0
C0205,2026-05-01,56,0.985,0
C0205,2026-06-01,58,1.0,0
C0206,2026-01-01,20,0.887,2
C0206,2026-02-01,18,0.8,1
C0206,2026-03-01,20,0.895,3
C0206,2026-04-01,17,0.756,1
C0206,2026-05-01,20,0.884,1
C0206,2026-06-01,20,0.897,1
C0207,2026-01-01,26,0.502,2
C0207,2026-02-01,24,0.453,2
C0207,2026-03-01,19,0.362,2
C0207,2026-04-01,16,0.302,1
C0207,2026-05-01,8,0.168,3
C0207,2026-06-01,6,0.129,1
C0208,2026-01-01,51,0.695,0
C0208,2026-02-01,46,0.618,1
C0208,2026-03-01,58,0.782,0
C0208,2026-04-01,56,0.76,0
C0208,2026-05-01,50,0.68,0
C0208,2026-06-01,48,0.643,2
C0209,2026-01-01,39,0.363,3
C0209,2026-02-01,40,0.367,0
C0209,2026-03-01,27,0.251,0
C0209,2026-04-01,25,0.229,2
C0209,2026-05-01,17,0.159,1
C0209,2026-06-01,11,0.108,2
C0210,2026-01-01,20,0.515,4
C0210,2026-02-01,21,0.529,3
C0210,2026-03-01,17,0.443,1
C0210,2026-04-01,10,0.272,3
C0210,2026-05-01,8,0.204,3
C0210,2026-06-01,6,0.151,3
C0211,2026-01-01,26,0.869,0
C0211,2026-02-01,26,0.872,1
C0211,2026-03-01,27,0.896,1
C0211,2026-04-01,23,0.757,0
C0211,2026-05-01,27,0.892,0
C0211,2026-06-01,23,0.763,1
C0212,2026-01-01,19,0.538,2
C0212,2026-02-01,23,0.649,0
C0212,2026-03-01,22,0.608,0
C0212,2026-04-01,20,0.558,0
C0212,2026-05-01,21,0.592,0
C0212,2026-06-01,20,0.566,0
C0213,2026-01-01,39,0.556,1
C0213,2026-02-01,31,0.438,0
C0213,2026-03-01,27,0.385,2
C0213,2026-04-01,20,0.291,4
C0213,2026-05-01,12,0.179,2
C0213,2026-06-01,8,0.125,5
C0214,2026-01-01,27,0.631,3
C0214,2026-02-01,20,0.47,0
C0214,2026-03-01,16,0.373,5
C0214,2026-04-01,12,0.276,3
C0214,2026-05-01,11,0.25,3
C0214,2026-06-01,6,0.151,4
C0215,2026-01-01,52,0.429,2
C0215,2026-02-01,57,0.469,0
C0215,2026-03-01,58,0.475,1
C0215,2026-04-01,46,0.381,2
C0215,2026-05-01,52,0.424,0
C0215,2026-06-01,57,0.471,1
C0216,2026-01-01,20,0.494,1
C0216,2026-02-01,22,0.54,0
C0216,2026-03-01,22,0.535,3
C0216,2026-04-01,24,0.589,1
C0216,2026-05-01,27,0.644,1
C0216,2026-06-01,26,0.62,1
C0217,2026-01-01,63,0.803,0
C0217,2026-02-01,56,0.708,1
C0217,2026-03-01,52,0.669,1
C0217,2026-04-01,52,0.665,2
C0217,2026-05-01,49,0.626,0
C0217,2026-06-01,52,0.667,0
C0218,2026-01-01,18,0.657,2
C0218,2026-02-01,20,0.746,1
C0218,2026-03-01,20,0.742,1
C0218,2026-04-01,18,0.684,0
C0218,2026-05-01,20,0.741,1
C0218,2026-06-01,23,0.847,0
C0219,2026-01-01,32,0.593,1
C0219,2026-02-01,31,0.569,3
C0219,2026-03-01,28,0.523,3
C0219,2026-04-01,21,0.387,4
C0219,2026-05-01,15,0.284,1
C0219,2026-06-01,8,0.151,3
C0220,2026-01-01,16,0.688,1
C0220,2026-02-01,16,0.684,1
C0220,2026-03-01,17,0.742,3
C0220,2026-04-01,16,0.705,1
C0220,2026-05-01,18,0.762,0
C0220,2026-06-01,21,0.893,0
C0221,2026-01-01,25,0.777,0
C0221,2026-02-01,27,0.857,1
C0221,2026-03-01,21,0.672,1
C0221,2026-04-01,25,0.788,1
C0221,2026-05-01,25,0.792,1
C0221,2026-06-01,24,0.762,0
C0222,2026-01-01,16,0.644,1
C0222,2026-02-01,14,0.54,3
C0222,2026-03-01,10,0.422,3
C0222,2026-04-01,7,0.293,0
C0222,2026-05-01,6,0.234,2
C0222,2026-06-01,4,0.176,0
C0223,2026-01-01,43,0.798,5
C0223,2026-02-01,37,0.68,3
C0223,2026-03-01,26,0.487,1
C0223,2026-04-01,21,0.385,1
C0223,2026-05-01,15,0.276,2
C0223,2026-06-01,8,0.162,5
C0224,2026-01-01,50,0.673,0
C0224,2026-02-01,44,0.585,0
C0224,2026-03-01,43,0.574,2
C0224,2026-04-01,44,0.591,0
C0224,2026-05-01,55,0.74,1
C0224,2026-06-01,52,0.7,1
C0225,2026-01-01,38,0.429,6
C0225,2026-02-01,34,0.383,0
C0225,2026-03-01,29,0.328,2
C0225,2026-04-01,21,0.24,2
C0225,2026-05-01,19,0.221,2
C0225,2026-06-01,10,0.118,2
C0226,2026-01-01,44,0.711,0
C0226,2026-02-01,31,0.502,1
C0226,2026-03-01,29,0.464,2
C0226,2026-04-01,21,0.338,1
C0226,2026-05-01,15,0.244,3
C0226,2026-06-01,9,0.153,5
C0227,2026-01-01,24,0.579,1
C0227,2026-02-01,25,0.616,0
C0227,2026-03-01,23,0.572,1
C0227,2026-04-01,24,0.58,0
C0227,2026-05-01,22,0.541,1
C0227,2026-06-01,27,0.67,0
C0228,2026-01-01,59,0.471,0
C0228,2026-02-01,62,0.49,2
C0228,2026-03-01,55,0.437,1
C0228,2026-04-01,61,0.483,1
C0228,2026-05-01,52,0.412,0
C0228,2026-06-01,49,0.389,1
C0229,2026-01-01,38,0.789,0
C0229,2026-02-01,39,0.818,2
C0229,2026-03-01,43,0.898,0
C0229,2026-04-01,38,0.803,0
C0229,2026-05-01,43,0.902,1
C0229,2026-06-01,38,0.803,2
C0230,2026-01-01,22,0.661,0
C0230,2026-02-01,17,0.514,0
C0230,2026-03-01,20,0.61,0
C0230,2026-04-01,20,0.6,1
C0230,2026-05-01,20,0.61,0
C0230,2026-06-01,22,0.684,1
C0231,2026-01-01,25,0.496,1
C0231,2026-02-01,21,0.415,4
C0231,2026-03-01,27,0.527,1
C0231,2026-04-01,27,0.525,1
C0231,2026-05-01,26,0.503,0
C0231,2026-06-01,21,0.409,0
C0232,2026-01-01,44,0.463,0
C0232,2026-02-01,38,0.4,0
C0232,2026-03-01,46,0.482,1
C0232,2026-04-01,37,0.393,0
C0232,2026-05-01,43,0.452,1
C0232,2026-06-01,39,0.415,2
C0233,2026-01-01,19,0.451,2
C0233,2026-02-01,16,0.383,3
C0233,2026-03-01,14,0.344,1
C0233,2026-04-01,10,0.245,2
C0233,2026-05-01,8,0.2,4
C0233,2026-06-01,4,0.095,4
C0234,2026-01-01,59,0.716,4
C0234,2026-02-01,48,0.59,1
C0234,2026-03-01,40,0.485,4
C0234,2026-04-01,29,0.35,3
C0234,2026-05-01,24,0.292,2
C0234,2026-06-01,15,0.192,1
C0235,2026-01-01,21,0.879,3
C0235,2026-02-01,15,0.645,3
C0235,2026-03-01,13,0.565,1
C0235,2026-04-01,11,0.479,5
C0235,2026-05-01,8,0.329,6
C0235,2026-06-01,5,0.21,3
C0236,2026-01-01,39,0.743,0
C0236,2026-02-01,38,0.722,0
C0236,2026-03-01,35,0.656,2
C0236,2026-04-01,37,0.706,0
C0236,2026-05-01,40,0.753,1
C0236,2026-06-01,41,0.767,0
C0237,2026-01-01,44,0.468,0
C0237,2026-02-01,37,0.398,0
C0237,2026-03-01,36,0.386,0
C0237,2026-04-01,42,0.45,0
C0237,2026-05-01,45,0.472,0
C0237,2026-06-01,44,0.469,0
C0238,2026-01-01,17,0.619,1
C0238,2026-02-01,15,0.537,0
C0238,2026-03-01,17,0.627,1
C0238,2026-04-01,17,0.63,1
C0238,2026-05-01,16,0.6,0
C0238,2026-06-01,18,0.65,1
C0239,2026-01-01,33,0.534,3
C0239,2026-02-01,28,0.459,0
C0239,2026-03-01,31,0.513,0
C0239,2026-04-01,26,0.435,0
C0239,2026-05-01,28,0.456,1
C0239,2026-06-01,30,0.488,0
C0240,2026-01-01,30,0.698,2
C0240,2026-02-01,26,0.604,0
C0240,2026-03-01,26,0.618,0
C0240,2026-04-01,27,0.624,0
C0240,2026-05-01,25,0.597,0
C0240,2026-06-01,23,0.538,1
C0241,2026-01-01,26,0.46,4
C0241,2026-02-01,20,0.357,2
C0241,2026-03-01,18,0.328,0
C0241,2026-04-01,13,0.24,4
C0241,2026-05-01,10,0.177,0
C0241,2026-06-01,5,0.098,1
C0242,2026-01-01,24,0.757,0
C0242,2026-02-01,26,0.808,2
C0242,2026-03-01,30,0.921,0
C0242,2026-04-01,28,0.869,0
C0242,2026-05-01,25,0.763,0
C0242,2026-06-01,29,0.898,0
C0243,2026-01-01,52,0.674,3
C0243,2026-02-01,42,0.536,2
C0243,2026-03-01,30,0.386,2
C0243,2026-04-01,25,0.328,4
C0243,2026-05-01,18,0.236,3
C0243,2026-06-01,13,0.17,3
C0244,2026-01-01,42,0.662,2
C0244,2026-02-01,40,0.623,1
C0244,2026-03-01,50,0.776,1
C0244,2026-04-01,48,0.745,0
C0244,2026-05-01,47,0.733,1
C0244,2026-06-01,42,0.649,2
C0245,2026-01-01,43,0.47,2
C0245,2026-02-01,35,0.391,5
C0245,2026-03-01,24,0.272,3
C0245,2026-04-01,19,0.214,3
C0245,2026-05-01,14,0.156,3
C0245,2026-06-01,8,0.097,1
C0246,2026-01-01,47,0.518,0
C0246,2026-02-01,60,0.656,1
C0246,2026-03-01,60,0.653,0
C0246,2026-04-01,47,0.516,1
C0246,2026-05-01,62,0.679,2
C0246,2026-06-01,58,0.631,1
C0247,2026-01-01,48,0.734,2
C0247,2026-02-01,46,0.702,2
C0247,2026-03-01,42,0.635,3
C0247,2026-04-01,31,0.468,3
C0247,2026-05-01,22,0.34,1
C0247,2026-06-01,12,0.187,4
C0248,2026-01-01,38,0.816,0
C0248,2026-02-01,35,0.756,2
C0248,2026-03-01,36,0.777,2
C0248,2026-04-01,39,0.831,2
C0248,2026-05-01,40,0.856,0
C0248,2026-06-01,39,0.847,0
C0249,2026-01-01,15,0.688,0
C0249,2026-02-01,16,0.723,0
C0249,2026-03-01,14,0.631,0
C0249,2026-04-01,15,0.685,1
C0249,2026-05-01,15,0.677,0
C0249,2026-06-01,14,0.616,1
C0250,2026-01-01,19,0.609,0
C0250,2026-02-01,19,0.598,0
C0250,2026-03-01,19,0.607,1
C0250,2026-04-01,19,0.598,0
C0250,2026-05-01,21,0.671,0
C0250,2026-06-01,23,0.728,1
C0251,2026-01-01,50,0.492,4
C0251,2026-02-01,51,0.504,2
C0251,2026-03-01,43,0.431,6
C0251,2026-04-01,33,0.33,1
C0251,2026-05-01,24,0.24,2
C0251,2026-06-01,14,0.141,1
C0252,2026-01-01,50,0.499,1
C0252,2026-02-01,48,0.48,1
C0252,2026-03-01,56,0.559,2
C0252,2026-04-01,53,0.525,0
C0252,2026-05-01,63,0.628,0
C0252,2026-06-01,55,0.544,3
C0253,2026-01-01,19,0.794,2
C0253,2026-02-01,18,0.757,1
C0253,2026-03-01,16,0.659,0
C0253,2026-04-01,18,0.736,2
C0253,2026-05-01,17,0.73,0
C0253,2026-06-01,17,0.72,1
C0254,2026-01-01,47,0.897,0
C0254,2026-02-01,45,0.855,2
C0254,2026-03-01,49,0.942,0
C0254,2026-04-01,49,0.94,0
C0254,2026-05-01,50,0.95,0
C0254,2026-06-01,40,0.772,2
C0255,2026-01-01,22,0.681,5
C0255,2026-02-01,19,0.577,1
C0255,2026-03-01,14,0.453,1
C0255,2026-04-01,12,0.393,1
C0255,2026-05-01,9,0.288,6
C0255,2026-06-01,5,0.178,4
C0256,2026-01-01,53,0.425,2
C0256,2026-02-01,51,0.406,3
C0256,2026-03-01,36,0.293,6
C0256,2026-04-01,33,0.266,2
C0256,2026-05-01,21,0.169,4
C0256,2026-06-01,12,0.103,0
C0257,2026-01-01,29,0.559,4
C0257,2026-02-01,24,0.465,3
C0257,2026-03-01,24,0.46,5
C0257,2026-04-01,18,0.356,2
C0257,2026-05-01,13,0.262,4
C0257,2026-06-01,8,0.157,2
C0258,2026-01-01,29,0.722,2
C0258,2026-02-01,26,0.627,0
C0258,2026-03-01,25,0.611,0
C0258,2026-04-01,23,0.563,1
C0258,2026-05-01,29,0.719,1
C0258,2026-06-01,24,0.579,0
C0259,2026-01-01,30,0.655,0
C0259,2026-02-01,30,0.639,2
C0259,2026-03-01,30,0.655,0
C0259,2026-04-01,24,0.51,0
C0259,2026-05-01,29,0.633,1
C0259,2026-06-01,24,0.517,1
C0260,2026-01-01,20,0.669,1
C0260,2026-02-01,15,0.494,2
C0260,2026-03-01,14,0.469,3
C0260,2026-04-01,9,0.301,3
C0260,2026-05-01,7,0.24,2
C0260,2026-06-01,5,0.174,3
C0261,2026-01-01,22,0.618,1
C0261,2026-02-01,27,0.747,1
C0261,2026-03-01,27,0.746,0
C0261,2026-04-01,22,0.612,0
C0261,2026-05-01,24,0.674,0
C0261,2026-06-01,24,0.674,0
C0262,2026-01-01,40,0.852,0
C0262,2026-02-01,36,0.76,3
C0262,2026-03-01,38,0.803,0
C0262,2026-04-01,40,0.849,0
C0262,2026-05-01,35,0.754,2
C0262,2026-06-01,39,0.836,0
C0263,2026-01-01,50,0.522,1
C0263,2026-02-01,49,0.514,0
C0263,2026-03-01,44,0.458,1
C0263,2026-04-01,50,0.524,0
C0263,2026-05-01,45,0.472,0
C0263,2026-06-01,42,0.44,1
C0264,2026-01-01,36,0.614,0
C0264,2026-02-01,33,0.567,0
C0264,2026-03-01,33,0.563,0
C0264,2026-04-01,44,0.739,0
C0264,2026-05-01,38,0.643,1
C0264,2026-06-01,39,0.656,0
C0265,2026-01-01,53,0.635,1
C0265,2026-02-01,55,0.653,2
C0265,2026-03-01,45,0.542,1
C0265,2026-04-01,53,0.637,3
C0265,2026-05-01,45,0.545,0
C0265,2026-06-01,43,0.516,3
C0266,2026-01-01,36,0.376,1
C0266,2026-02-01,45,0.469,0
C0266,2026-03-01,36,0.374,0
C0266,2026-04-01,34,0.351,0
C0266,2026-05-01,40,0.41,1
C0266,2026-06-01,35,0.363,1
C0267,2026-01-01,51,0.625,1
C0267,2026-02-01,56,0.686,1
C0267,2026-03-01,38,0.47,2
C0267,2026-04-01,33,0.403,4
C0267,2026-05-01,20,0.251,1
C0267,2026-06-01,17,0.208,1
C0268,2026-01-01,62,0.5,2
C0268,2026-02-01,41,0.334,2
C0268,2026-03-01,35,0.281,1
C0268,2026-04-01,30,0.246,0
C0268,2026-05-01,20,0.161,3
C0268,2026-06-01,13,0.105,0
C0269,2026-01-01,62,0.504,1
C0269,2026-02-01,61,0.495,1
C0269,2026-03-01,55,0.448,1
C0269,2026-04-01,61,0.5,1
C0269,2026-05-01,61,0.5,4
C0269,2026-06-01,54,0.444,0
C0270,2026-01-01,51,0.732,0
C0270,2026-02-01,59,0.84,0
C0270,2026-03-01,53,0.753,0
C0270,2026-04-01,54,0.777,1
C0270,2026-05-01,49,0.701,1
C0270,2026-06-01,57,0.814,0
C0271,2026-01-01,41,0.454,1
C0271,2026-02-01,42,0.464,2
C0271,2026-03-01,46,0.503,1
C0271,2026-04-01,41,0.455,0
C0271,2026-05-01,48,0.53,0
C0271,2026-06-01,43,0.469,0
C0272,2026-01-01,19,0.757,0
C0272,2026-02-01,17,0.712,2
C0272,2026-03-01,16,0.67,0
C0272,2026-04-01,15,0.62,0
C0272,2026-05-01,14,0.576,0
C0272,2026-06-01,14,0.591,1
C0273,2026-01-01,23,0.859,1
C0273,2026-02-01,19,0.732,1
C0273,2026-03-01,19,0.717,1
C0273,2026-04-01,22,0.82,1
C0273,2026-05-01,23,0.872,0
C0273,2026-06-01,19,0.72,4
C0274,2026-01-01,30,0.713,0
C0274,2026-02-01,35,0.826,0
C0274,2026-03-01,28,0.671,0
C0274,2026-04-01,26,0.625,1
C0274,2026-05-01,33,0.79,0
C0274,2026-06-01,34,0.803,2
C0275,2026-01-01,34,0.611,1
C0275,2026-02-01,27,0.482,1
C0275,2026-03-01,20,0.359,4
C0275,2026-04-01,20,0.353,2
C0275,2026-05-01,14,0.259,1
C0275,2026-06-01,7,0.124,3
C0276,2026-01-01,20,0.659,2
C0276,2026-02-01,18,0.595,2
C0276,2026-03-01,15,0.503,0
C0276,2026-04-01,13,0.417,1
C0276,2026-05-01,10,0.326,1
C0276,2026-06-01,5,0.161,0
C0277,2026-01-01,34,0.477,1
C0277,2026-02-01,40,0.56,0
C0277,2026-03-01,33,0.458,1
C0277,2026-04-01,34,0.475,1
C0277,2026-05-01,39,0.543,1
C0277,2026-06-01,39,0.536,2
C0278,2026-01-01,50,0.759,0
C0278,2026-02-01,49,0.75,0
C0278,2026-03-01,59,0.9,1
C0278,2026-04-01,64,0.965,0
C0278,2026-05-01,61,0.93,1
C0278,2026-06-01,49,0.743,2
C0279,2026-01-01,53,0.655,1
C0279,2026-02-01,43,0.535,2
C0279,2026-03-01,37,0.464,5
C0279,2026-04-01,30,0.382,4
C0279,2026-05-01,21,0.265,4
C0279,2026-06-01,14,0.178,7
C0280,2026-01-01,22,0.639,0
C0280,2026-02-01,25,0.716,1
C0280,2026-03-01,22,0.63,1
C0280,2026-04-01,19,0.557,1
C0280,2026-05-01,24,0.671,1
C0280,2026-06-01,19,0.548,0
C0281,2026-01-01,62,0.711,0
C0281,2026-02-01,61,0.707,1
C0281,2026-03-01,53,0.608,0
C0281,2026-04-01,65,0.753,3
C0281,2026-05-01,64,0.737,1
C0281,2026-06-01,58,0.666,1
C0282,2026-01-01,51,0.659,0
C0282,2026-02-01,61,0.787,0
C0282,2026-03-01,54,0.694,0
C0282,2026-04-01,56,0.716,0
C0282,2026-05-01,62,0.79,0
C0282,2026-06-01,56,0.724,0
C0283,2026-01-01,51,0.875,4
C0283,2026-02-01,36,0.614,2
C0283,2026-03-01,39,0.669,5
C0283,2026-04-01,27,0.466,0
C0283,2026-05-01,19,0.335,2
C0283,2026-06-01,12,0.211,4
C0284,2026-01-01,24,0.436,0
C0284,2026-02-01,23,0.403,1
C0284,2026-03-01,28,0.499,2
C0284,2026-04-01,21,0.378,0
C0284,2026-05-01,22,0.401,0
C0284,2026-06-01,26,0.456,1
C0285,2026-01-01,34,0.706,1
C0285,2026-02-01,39,0.795,0
C0285,2026-03-01,40,0.826,0
C0285,2026-04-01,35,0.709,0
C0285,2026-05-01,39,0.808,2
C0285,2026-06-01,37,0.764,0
C0286,2026-01-01,39,0.661,3
C0286,2026-02-01,44,0.75,0
C0286,2026-03-01,39,0.665,0
C0286,2026-04-01,46,0.784,1
C0286,2026-05-01,50,0.848,0
C0286,2026-06-01,50,0.84,1
C0287,2026-01-01,60,0.803,1
C0287,2026-02-01,55,0.732,0
C0287,2026-03-01,56,0.752,2
C0287,2026-04-01,53,0.709,2
C0287,2026-05-01,51,0.684,0
C0287,2026-06-01,59,0.789,1
C0288,2026-01-01,27,0.781,1
C0288,2026-02-01,31,0.888,1
C0288,2026-03-01,29,0.847,1
C0288,2026-04-01,30,0.876,1
C0288,2026-05-01,27,0.788,0
C0288,2026-06-01,28,0.81,0
C0289,2026-01-01,19,0.715,2
C0289,2026-02-01,17,0.631,5
C0289,2026-03-01,16,0.6,1
C0289,2026-04-01,13,0.489,3
C0289,2026-05-01,7,0.292,3
C0289,2026-06-01,5,0.196,3
C0290,2026-01-01,66,0.507,1
C0290,2026-02-01,58,0.452,0
C0290,2026-03-01,64,0.497,0
C0290,2026-04-01,63,0.486,1
C0290,2026-05-01,57,0.441,0
C0290,2026-06-01,54,0.42,1
C0291,2026-01-01,30,0.558,0
C0291,2026-02-01,26,0.478,1
C0291,2026-03-01,26,0.487,0
C0291,2026-04-01,29,0.535,0
C0291,2026-05-01,28,0.526,1
C0291,2026-06-01,23,0.436,0
C0292,2026-01-01,42,0.44,3
C0292,2026-02-01,36,0.378,0
C0292,2026-03-01,25,0.263,3
C0292,2026-04-01,25,0.26,1
C0292,2026-05-01,16,0.167,1
C0292,2026-06-01,10,0.109,6
C0293,2026-01-01,46,0.467,1
C0293,2026-02-01,47,0.472,1
C0293,2026-03-01,40,0.404,0
C0293,2026-04-01,53,0.528,0
C0293,2026-05-01,51,0.515,1
C0293,2026-06-01,46,0.465,1
C0294,2026-01-01,52,0.888,1
C0294,2026-02-01,49,0.836,0
C0294,2026-03-01,42,0.713,0
C0294,2026-04-01,51,0.865,2
C0294,2026-05-01,41,0.697,0
C0294,2026-06-01,49,0.828,0
C0295,2026-01-01,53,0.842,3
C0295,2026-02-01,43,0.69,3
C0295,2026-03-01,42,0.674,6
C0295,2026-04-01,32,0.52,1
C0295,2026-05-01,22,0.363,4
C0295,2026-06-01,12,0.196,2
C0296,2026-01-01,35,0.873,0
C0296,2026-02-01,32,0.788,1
C0296,2026-03-01,35,0.862,0
C0296,2026-04-01,38,0.938,1
C0296,2026-05-01,38,0.951,1
C0296,2026-06-01,33,0.832,0
C0297,2026-01-01,55,0.636,0
C0297,2026-02-01,63,0.722,1
C0297,2026-03-01,59,0.685,1
C0297,2026-04-01,53,0.617,0
C0297,2026-05-01,53,0.615,0
C0297,2026-06-01,62,0.717,2
C0298,2026-01-01,60,0.602,2
C0298,2026-02-01,66,0.655,1
C0298,2026-03-01,60,0.598,3
C0298,2026-04-01,65,0.651,0
C0298,2026-05-01,58,0.573,1
C0298,2026-06-01,61,0.606,0
C0299,2026-01-01,37,0.814,4
C0299,2026-02-01,30,0.654,1
C0299,2026-03-01,25,0.542,2
C0299,2026-04-01,21,0.471,6
C0299,2026-05-01,14,0.321,3
C0299,2026-06-01,9,0.199,3
C0300,2026-01-01,54,0.6,0
C0300,2026-02-01,53,0.593,1
C0300,2026-03-01,49,0.547,0
C0300,2026-04-01,42,0.466,0
C0300,2026-05-01,43,0.485,1
C0300,2026-06-01,51,0.571,0
